model,roc_auc,accuracy
RandomForest,0.586804921208851,0.5560268941215916
LogisticRegression,0.5290506959937553,0.5220338603677762
